{"AD":[{"id":"6","CountryCode":"AD","Latitude":"42.5462","Longitude":"1.60155","Name":"Andorra"}],"CA":[{"id":"40","CountryCode":"CA","Latitude":"56.1304","Longitude":"-106.347","Name":"Canada"}],"AL":[{"id":"3","CountryCode":"AL","Latitude":"41.1533","Longitude":"20.1683","Name":"Albania"}],"DZ":[{"id":"4","CountryCode":"DZ","Latitude":"28.0339","Longitude":"1.65963","Name":"Algeria"}],"AS":[{"id":"5","CountryCode":"AS","Latitude":"-14.271","Longitude":"-170.132","Name":"American Samoa"}],"AO":[{"id":"7","CountryCode":"AO","Latitude":"-11.2027","Longitude":"17.8739","Name":"Angola"}],"AI":[{"id":"8","CountryCode":"AI","Latitude":"18.2206","Longitude":"-63.0686","Name":"Anguilla"}],"AQ":[{"id":"9","CountryCode":"AQ","Latitude":"-75.251","Longitude":"-0.071389","Name":"Antarctica"}],"AG":[{"id":"10","CountryCode":"AG","Latitude":"17.0608","Longitude":"-61.7964","Name":"Antigua and Barbuda"}],"AR":[{"id":"11","CountryCode":"AR","Latitude":"-38.4161","Longitude":"-63.6167","Name":"Argentina"}],"AM":[{"id":"12","CountryCode":"AM","Latitude":"40.0691","Longitude":"45.0382","Name":"Armenia"}],"AW":[{"id":"13","CountryCode":"AW","Latitude":"12.5211","Longitude":"-69.9683","Name":"Aruba"}],"AU":[{"id":"14","CountryCode":"AU","Latitude":"-25.2744","Longitude":"133.775","Name":"Australia"}],"AT":[{"id":"15","CountryCode":"AT","Latitude":"47.5162","Longitude":"14.5501","Name":"Austria"}],"AZ":[{"id":"16","CountryCode":"AZ","Latitude":"40.1431","Longitude":"47.5769","Name":"Azerbaijan"}],"BS":[{"id":"17","CountryCode":"BS","Latitude":"25.0343","Longitude":"-77.3963","Name":"Bahamas"}],"BH":[{"id":"18","CountryCode":"BH","Latitude":"25.9304","Longitude":"50.6378","Name":"Bahrain"}],"BD":[{"id":"19","CountryCode":"BD","Latitude":"23.685","Longitude":"90.3563","Name":"Bangladesh"}],"BB":[{"id":"20","CountryCode":"BB","Latitude":"13.1939","Longitude":"-59.5432","Name":"Barbados"}],"BY":[{"id":"21","CountryCode":"BY","Latitude":"53.7098","Longitude":"27.9534","Name":"Belarus"}],"BE":[{"id":"22","CountryCode":"BE","Latitude":"50.5039","Longitude":"4.46994","Name":"Belgium"}],"BZ":[{"id":"23","CountryCode":"BZ","Latitude":"17.1899","Longitude":"-88.4977","Name":"Belize"}],"BJ":[{"id":"24","CountryCode":"BJ","Latitude":"9.30769","Longitude":"2.31583","Name":"Benin"}],"BM":[{"id":"25","CountryCode":"BM","Latitude":"32.3214","Longitude":"-64.7574","Name":"Bermuda"}],"BT":[{"id":"26","CountryCode":"BT","Latitude":"27.5142","Longitude":"90.4336","Name":"Bhutan"}],"BO":[{"id":"27","CountryCode":"BO","Latitude":"-16.2902","Longitude":"-63.5887","Name":"Bolivia"}],"BA":[{"id":"28","CountryCode":"BA","Latitude":"43.9159","Longitude":"17.6791","Name":"Bosnia and Herzegovina"}],"BW":[{"id":"29","CountryCode":"BW","Latitude":"-22.3285","Longitude":"24.6849","Name":"Botswana"}],"BV":[{"id":"30","CountryCode":"BV","Latitude":"-54.4232","Longitude":"3.41319","Name":"Bouvet Island"}],"BR":[{"id":"31","CountryCode":"BR","Latitude":"-14.235","Longitude":"-51.9253","Name":"Brazil"}],"IO":[{"id":"32","CountryCode":"IO","Latitude":"-6.34319","Longitude":"71.8765","Name":"British Indian Ocean Territory"}],"VG":[{"id":"33","CountryCode":"VG","Latitude":"18.4207","Longitude":"-64.64","Name":"British Virgin Islands"}],"BN":[{"id":"34","CountryCode":"BN","Latitude":"4.53528","Longitude":"114.728","Name":"Brunei"}],"BG":[{"id":"35","CountryCode":"BG","Latitude":"42.7339","Longitude":"25.4858","Name":"Bulgaria"}],"BF":[{"id":"36","CountryCode":"BF","Latitude":"12.2383","Longitude":"-1.56159","Name":"Burkina Faso"}],"BI":[{"id":"37","CountryCode":"BI","Latitude":"-3.37306","Longitude":"29.9189","Name":"Burundi"}],"KH":[{"id":"38","CountryCode":"KH","Latitude":"12.5657","Longitude":"104.991","Name":"Cambodia"}],"CM":[{"id":"39","CountryCode":"CM","Latitude":"7.36972","Longitude":"12.3547","Name":"Cameroon"}],"CV":[{"id":"41","CountryCode":"CV","Latitude":"16.0021","Longitude":"-24.0132","Name":"Cape Verde"}],"KY":[{"id":"42","CountryCode":"KY","Latitude":"19.5135","Longitude":"-80.567","Name":"Cayman Islands"}],"CF":[{"id":"43","CountryCode":"CF","Latitude":"6.61111","Longitude":"20.9394","Name":"Central African Republic"}],"TD":[{"id":"44","CountryCode":"TD","Latitude":"15.4542","Longitude":"18.7322","Name":"Chad"}],"CL":[{"id":"45","CountryCode":"CL","Latitude":"-35.6751","Longitude":"-71.543","Name":"Chile"}],"CN":[{"id":"46","CountryCode":"CN","Latitude":"35.8617","Longitude":"104.195","Name":"China"}],"CX":[{"id":"47","CountryCode":"CX","Latitude":"-10.4475","Longitude":"105.69","Name":"Christmas Island"}],"CC":[{"id":"48","CountryCode":"CC","Latitude":"-12.1642","Longitude":"96.871","Name":"Cocos [Keeling] Islands"}],"CO":[{"id":"49","CountryCode":"CO","Latitude":"4.57087","Longitude":"-74.2973","Name":"Colombia"}],"KM":[{"id":"50","CountryCode":"KM","Latitude":"-11.875","Longitude":"43.8722","Name":"Comoros"}],"CG":[{"id":"51","CountryCode":"CG","Latitude":"-0.228021","Longitude":"15.8277","Name":"Congo [Republic]"}],"CD":[{"id":"52","CountryCode":"CD","Latitude":"-4.03833","Longitude":"21.7587","Name":"Congo [DRC]"}],"CK":[{"id":"53","CountryCode":"CK","Latitude":"-21.2367","Longitude":"-159.778","Name":"Cook Islands"}],"CR":[{"id":"54","CountryCode":"CR","Latitude":"9.74892","Longitude":"-83.7534","Name":"Costa Rica"}],"HR":[{"id":"55","CountryCode":"HR","Latitude":"45.1","Longitude":"15.2","Name":"Croatia"}],"CU":[{"id":"56","CountryCode":"CU","Latitude":"21.5218","Longitude":"-77.7812","Name":"Cuba"}],"CY":[{"id":"57","CountryCode":"CY","Latitude":"35.1264","Longitude":"33.4299","Name":"Cyprus"}],"CZ":[{"id":"58","CountryCode":"CZ","Latitude":"49.8175","Longitude":"15.473","Name":"Czech Republic"}],"CI":[{"id":"59","CountryCode":"CI","Latitude":"7.53999","Longitude":"-5.54708","Name":"C\u00f4te d'Ivoire"}],"DK":[{"id":"60","CountryCode":"DK","Latitude":"56.2639","Longitude":"9.50179","Name":"Denmark"}],"DJ":[{"id":"61","CountryCode":"DJ","Latitude":"11.8251","Longitude":"42.5903","Name":"Djibouti"}],"DM":[{"id":"62","CountryCode":"DM","Latitude":"15.415","Longitude":"-61.371","Name":"Dominica"}],"DO":[{"id":"63","CountryCode":"DO","Latitude":"18.7357","Longitude":"-70.1627","Name":"Dominican Republic"}],"EC":[{"id":"64","CountryCode":"EC","Latitude":"-1.83124","Longitude":"-78.1834","Name":"Ecuador"}],"EG":[{"id":"65","CountryCode":"EG","Latitude":"26.8206","Longitude":"30.8025","Name":"Egypt"}],"SV":[{"id":"66","CountryCode":"SV","Latitude":"13.7942","Longitude":"-88.8965","Name":"El Salvador"}],"GQ":[{"id":"67","CountryCode":"GQ","Latitude":"1.6508","Longitude":"10.2679","Name":"Equatorial Guinea"}],"ER":[{"id":"68","CountryCode":"ER","Latitude":"15.1794","Longitude":"39.7823","Name":"Eritrea"}],"EE":[{"id":"69","CountryCode":"EE","Latitude":"58.5953","Longitude":"25.0136","Name":"Estonia"}],"ET":[{"id":"70","CountryCode":"ET","Latitude":"9.145","Longitude":"40.4897","Name":"Ethiopia"}],"FK":[{"id":"71","CountryCode":"FK","Latitude":"-51.7963","Longitude":"-59.5236","Name":"Falkland Islands [Islas Malvinas]"}],"FO":[{"id":"72","CountryCode":"FO","Latitude":"61.8926","Longitude":"-6.91181","Name":"Faroe Islands"}],"FJ":[{"id":"73","CountryCode":"FJ","Latitude":"-16.5782","Longitude":"179.414","Name":"Fiji"}],"FI":[{"id":"74","CountryCode":"FI","Latitude":"61.9241","Longitude":"25.7482","Name":"Finland"}],"GF":[{"id":"75","CountryCode":"GF","Latitude":"3.93389","Longitude":"-53.1258","Name":"French Guiana"}],"PF":[{"id":"76","CountryCode":"PF","Latitude":"-17.6797","Longitude":"-149.407","Name":"French Polynesia"}],"TF":[{"id":"77","CountryCode":"TF","Latitude":"-49.2804","Longitude":"69.3486","Name":"French Southern Territories"}],"GA":[{"id":"78","CountryCode":"GA","Latitude":"-0.803689","Longitude":"11.6094","Name":"Gabon"}],"GM":[{"id":"79","CountryCode":"GM","Latitude":"13.4432","Longitude":"-15.3101","Name":"Gambia"}],"GE":[{"id":"80","CountryCode":"GE","Latitude":"42.3154","Longitude":"43.3569","Name":"Georgia"}],"DE":[{"id":"81","CountryCode":"DE","Latitude":"51.1657","Longitude":"10.4515","Name":"Germany"}],"GH":[{"id":"82","CountryCode":"GH","Latitude":"7.94653","Longitude":"-1.02319","Name":"Ghana"}],"GI":[{"id":"83","CountryCode":"GI","Latitude":"36.1377","Longitude":"-5.34537","Name":"Gibraltar"}],"GR":[{"id":"84","CountryCode":"GR","Latitude":"39.0742","Longitude":"21.8243","Name":"Greece"}],"GL":[{"id":"85","CountryCode":"GL","Latitude":"71.7069","Longitude":"-42.6043","Name":"Greenland"}],"GD":[{"id":"86","CountryCode":"GD","Latitude":"12.2628","Longitude":"-61.6042","Name":"Grenada"}],"GP":[{"id":"87","CountryCode":"GP","Latitude":"16.996","Longitude":"-62.0676","Name":"Guadeloupe"}],"GU":[{"id":"88","CountryCode":"GU","Latitude":"13.4443","Longitude":"144.794","Name":"Guam"}],"GT":[{"id":"89","CountryCode":"GT","Latitude":"15.7835","Longitude":"-90.2308","Name":"Guatemala"}],"GG":[{"id":"90","CountryCode":"GG","Latitude":"49.4657","Longitude":"-2.58528","Name":"Guernsey"}],"GN":[{"id":"91","CountryCode":"GN","Latitude":"9.94559","Longitude":"-9.69664","Name":"Guinea"}],"GW":[{"id":"92","CountryCode":"GW","Latitude":"11.8037","Longitude":"-15.1804","Name":"Guinea-Bissau"}],"GY":[{"id":"93","CountryCode":"GY","Latitude":"4.86042","Longitude":"-58.9302","Name":"Guyana"}],"HT":[{"id":"94","CountryCode":"HT","Latitude":"18.9712","Longitude":"-72.2852","Name":"Haiti"}],"HM":[{"id":"95","CountryCode":"HM","Latitude":"-53.0818","Longitude":"73.5042","Name":"Heard Island and McDonald Islands"}],"VA":[{"id":"96","CountryCode":"VA","Latitude":"41.9029","Longitude":"12.4534","Name":"Vatican City"}],"HN":[{"id":"97","CountryCode":"HN","Latitude":"15.2","Longitude":"-86.2419","Name":"Honduras"}],"HK":[{"id":"98","CountryCode":"HK","Latitude":"22.3964","Longitude":"114.109","Name":"Hong Kong"}],"HU":[{"id":"99","CountryCode":"HU","Latitude":"47.1625","Longitude":"19.5033","Name":"Hungary"}],"IS":[{"id":"100","CountryCode":"IS","Latitude":"64.9631","Longitude":"-19.0208","Name":"Iceland"}],"IN":[{"id":"101","CountryCode":"IN","Latitude":"20.5937","Longitude":"78.9629","Name":"India"}],"ID":[{"id":"102","CountryCode":"ID","Latitude":"-0.789275","Longitude":"113.921","Name":"Indonesia"}],"IR":[{"id":"103","CountryCode":"IR","Latitude":"32.4279","Longitude":"53.688","Name":"Iran"}],"IQ":[{"id":"104","CountryCode":"IQ","Latitude":"33.2232","Longitude":"43.6793","Name":"Iraq"}],"IE":[{"id":"105","CountryCode":"IE","Latitude":"53.4129","Longitude":"-8.24389","Name":"Ireland"}],"IM":[{"id":"106","CountryCode":"IM","Latitude":"54.2361","Longitude":"-4.54806","Name":"Isle of Man"}],"IL":[{"id":"107","CountryCode":"IL","Latitude":"31.0461","Longitude":"34.8516","Name":"Israel"}],"IT":[{"id":"108","CountryCode":"IT","Latitude":"41.8719","Longitude":"12.5674","Name":"Italy"}],"JM":[{"id":"109","CountryCode":"JM","Latitude":"18.1096","Longitude":"-77.2975","Name":"Jamaica"}],"JP":[{"id":"110","CountryCode":"JP","Latitude":"36.2048","Longitude":"138.253","Name":"Japan"}],"JE":[{"id":"111","CountryCode":"JE","Latitude":"49.2144","Longitude":"-2.13125","Name":"Jersey"}],"JO":[{"id":"112","CountryCode":"JO","Latitude":"30.5852","Longitude":"36.2384","Name":"Jordan"}],"KZ":[{"id":"113","CountryCode":"KZ","Latitude":"48.0196","Longitude":"66.9237","Name":"Kazakhstan"}],"KE":[{"id":"114","CountryCode":"KE","Latitude":"-0.023559","Longitude":"37.9062","Name":"Kenya"}],"KI":[{"id":"115","CountryCode":"KI","Latitude":"-3.37042","Longitude":"-168.734","Name":"Kiribati"}],"KP":[{"id":"116","CountryCode":"KP","Latitude":"40.3399","Longitude":"127.51","Name":"North Korea"}],"KR":[{"id":"117","CountryCode":"KR","Latitude":"35.9078","Longitude":"127.767","Name":"South Korea"}],"KW":[{"id":"118","CountryCode":"KW","Latitude":"29.3117","Longitude":"47.4818","Name":"Kuwait"}],"KG":[{"id":"119","CountryCode":"KG","Latitude":"41.2044","Longitude":"74.7661","Name":"Kyrgyzstan"}],"LA":[{"id":"120","CountryCode":"LA","Latitude":"19.8563","Longitude":"102.495","Name":"Laos"}],"LV":[{"id":"121","CountryCode":"LV","Latitude":"56.8796","Longitude":"24.6032","Name":"Latvia"}],"LB":[{"id":"122","CountryCode":"LB","Latitude":"33.8547","Longitude":"35.8623","Name":"Lebanon"}],"LS":[{"id":"123","CountryCode":"LS","Latitude":"-29.61","Longitude":"28.2336","Name":"Lesotho"}],"LR":[{"id":"124","CountryCode":"LR","Latitude":"6.42805","Longitude":"-9.4295","Name":"Liberia"}],"LY":[{"id":"125","CountryCode":"LY","Latitude":"26.3351","Longitude":"17.2283","Name":"Libya"}],"LI":[{"id":"126","CountryCode":"LI","Latitude":"47.166","Longitude":"9.55537","Name":"Liechtenstein"}],"LT":[{"id":"127","CountryCode":"LT","Latitude":"55.1694","Longitude":"23.8813","Name":"Lithuania"}],"LU":[{"id":"128","CountryCode":"LU","Latitude":"49.8153","Longitude":"6.12958","Name":"Luxembourg"}],"MO":[{"id":"129","CountryCode":"MO","Latitude":"22.1987","Longitude":"113.544","Name":"Macau"}],"MK":[{"id":"130","CountryCode":"MK","Latitude":"41.6086","Longitude":"21.7453","Name":"Macedonia [FYROM]"}],"MG":[{"id":"131","CountryCode":"MG","Latitude":"-18.7669","Longitude":"46.8691","Name":"Madagascar"}],"MW":[{"id":"132","CountryCode":"MW","Latitude":"-13.2543","Longitude":"34.3015","Name":"Malawi"}],"MY":[{"id":"133","CountryCode":"MY","Latitude":"4.21048","Longitude":"101.976","Name":"Malaysia"}],"MV":[{"id":"134","CountryCode":"MV","Latitude":"3.20278","Longitude":"73.2207","Name":"Maldives"}],"ML":[{"id":"135","CountryCode":"ML","Latitude":"17.5707","Longitude":"-3.99617","Name":"Mali"}],"MT":[{"id":"136","CountryCode":"MT","Latitude":"35.9375","Longitude":"14.3754","Name":"Malta"}],"MH":[{"id":"137","CountryCode":"MH","Latitude":"7.13147","Longitude":"171.184","Name":"Marshall Islands"}],"MQ":[{"id":"138","CountryCode":"MQ","Latitude":"14.6415","Longitude":"-61.0242","Name":"Martinique"}],"MR":[{"id":"139","CountryCode":"MR","Latitude":"21.0079","Longitude":"-10.9408","Name":"Mauritania"}],"MU":[{"id":"140","CountryCode":"MU","Latitude":"-20.3484","Longitude":"57.5522","Name":"Mauritius"}],"YT":[{"id":"141","CountryCode":"YT","Latitude":"-12.8275","Longitude":"45.1662","Name":"Mayotte"}],"MX":[{"id":"142","CountryCode":"MX","Latitude":"23.6345","Longitude":"-102.553","Name":"Mexico"}],"FM":[{"id":"143","CountryCode":"FM","Latitude":"7.42555","Longitude":"150.551","Name":"Micronesia"}],"MD":[{"id":"144","CountryCode":"MD","Latitude":"47.4116","Longitude":"28.3699","Name":"Moldova"}],"MC":[{"id":"145","CountryCode":"MC","Latitude":"43.7503","Longitude":"7.41284","Name":"Monaco"}],"MN":[{"id":"146","CountryCode":"MN","Latitude":"46.8625","Longitude":"103.847","Name":"Mongolia"}],"ME":[{"id":"147","CountryCode":"ME","Latitude":"42.7087","Longitude":"19.3744","Name":"Montenegro"}],"MS":[{"id":"148","CountryCode":"MS","Latitude":"16.7425","Longitude":"-62.1874","Name":"Montserrat"}],"MA":[{"id":"149","CountryCode":"MA","Latitude":"31.7917","Longitude":"-7.09262","Name":"Morocco"}],"MZ":[{"id":"150","CountryCode":"MZ","Latitude":"-18.6657","Longitude":"35.5296","Name":"Mozambique"}],"MM":[{"id":"151","CountryCode":"MM","Latitude":"21.914","Longitude":"95.9562","Name":"Myanmar [Burma]"}],"NA":[{"id":"152","CountryCode":"NA","Latitude":"-22.9576","Longitude":"18.4904","Name":"Namibia"}],"NR":[{"id":"153","CountryCode":"NR","Latitude":"-0.522778","Longitude":"166.932","Name":"Nauru"}],"NP":[{"id":"154","CountryCode":"NP","Latitude":"28.3949","Longitude":"84.124","Name":"Nepal"}],"NL":[{"id":"155","CountryCode":"NL","Latitude":"52.1326","Longitude":"5.29127","Name":"Netherlands"}],"AN":[{"id":"156","CountryCode":"AN","Latitude":"12.2261","Longitude":"-69.0601","Name":"Netherlands Antilles"}],"NC":[{"id":"157","CountryCode":"NC","Latitude":"-20.9043","Longitude":"165.618","Name":"New Caledonia"}],"NZ":[{"id":"158","CountryCode":"NZ","Latitude":"-40.9006","Longitude":"174.886","Name":"New Zealand"}],"NI":[{"id":"159","CountryCode":"NI","Latitude":"12.8654","Longitude":"-85.2072","Name":"Nicaragua"}],"NE":[{"id":"160","CountryCode":"NE","Latitude":"17.6078","Longitude":"8.08167","Name":"Niger"}],"NG":[{"id":"161","CountryCode":"NG","Latitude":"9.082","Longitude":"8.67528","Name":"Nigeria"}],"NU":[{"id":"162","CountryCode":"NU","Latitude":"-19.0544","Longitude":"-169.867","Name":"Niue"}],"NF":[{"id":"163","CountryCode":"NF","Latitude":"-29.0408","Longitude":"167.955","Name":"Norfolk Island"}],"MP":[{"id":"164","CountryCode":"MP","Latitude":"17.3308","Longitude":"145.385","Name":"Northern Mariana Islands"}],"NO":[{"id":"165","CountryCode":"NO","Latitude":"60.472","Longitude":"8.46895","Name":"Norway"}],"OM":[{"id":"166","CountryCode":"OM","Latitude":"21.5126","Longitude":"55.9233","Name":"Oman"}],"PK":[{"id":"167","CountryCode":"PK","Latitude":"30.3753","Longitude":"69.3451","Name":"Pakistan"}],"PW":[{"id":"168","CountryCode":"PW","Latitude":"7.51498","Longitude":"134.583","Name":"Palau"}],"PS":[{"id":"169","CountryCode":"PS","Latitude":"31.9522","Longitude":"35.2332","Name":"Palestinian Territories"}],"PA":[{"id":"170","CountryCode":"PA","Latitude":"8.53798","Longitude":"-80.7821","Name":"Panama"}],"PG":[{"id":"171","CountryCode":"PG","Latitude":"-6.31499","Longitude":"143.956","Name":"Papua New Guinea"}],"PY":[{"id":"172","CountryCode":"PY","Latitude":"-23.4425","Longitude":"-58.4438","Name":"Paraguay"}],"PE":[{"id":"173","CountryCode":"PE","Latitude":"-9.18997","Longitude":"-75.0152","Name":"Peru"}],"PH":[{"id":"174","CountryCode":"PH","Latitude":"12.8797","Longitude":"121.774","Name":"Philippines"}],"PN":[{"id":"175","CountryCode":"PN","Latitude":"-24.7036","Longitude":"-127.439","Name":"Pitcairn Islands"}],"PL":[{"id":"176","CountryCode":"PL","Latitude":"51.9194","Longitude":"19.1451","Name":"Poland"}],"PT":[{"id":"177","CountryCode":"PT","Latitude":"39.3999","Longitude":"-8.22445","Name":"Portugal"}],"PR":[{"id":"178","CountryCode":"PR","Latitude":"18.2208","Longitude":"-66.5901","Name":"Puerto Rico"}],"QA":[{"id":"179","CountryCode":"QA","Latitude":"25.3548","Longitude":"51.1839","Name":"Qatar"}],"XK":[{"id":"180","CountryCode":"XK","Latitude":"42.6026","Longitude":"20.903","Name":"Kosovo"}],"RO":[{"id":"181","CountryCode":"RO","Latitude":"45.9432","Longitude":"24.9668","Name":"Romania"}],"RU":[{"id":"182","CountryCode":"RU","Latitude":"61.524","Longitude":"105.319","Name":"Russia"}],"RW":[{"id":"183","CountryCode":"RW","Latitude":"-1.94028","Longitude":"29.8739","Name":"Rwanda"}],"RE":[{"id":"184","CountryCode":"RE","Latitude":"-21.1151","Longitude":"55.5364","Name":"R\u00e9union"}],"SH":[{"id":"185","CountryCode":"SH","Latitude":"-24.1435","Longitude":"-10.0307","Name":"Saint Helena"}],"KN":[{"id":"186","CountryCode":"KN","Latitude":"17.3578","Longitude":"-62.783","Name":"Saint Kitts and Nevis"}],"LC":[{"id":"187","CountryCode":"LC","Latitude":"13.9094","Longitude":"-60.9789","Name":"Saint Lucia"}],"PM":[{"id":"188","CountryCode":"PM","Latitude":"46.9419","Longitude":"-56.2711","Name":"Saint Pierre and Miquelon"}],"VC":[{"id":"189","CountryCode":"VC","Latitude":"12.9843","Longitude":"-61.2872","Name":"Saint Vincent and the Grenadines"}],"WS":[{"id":"192","CountryCode":"WS","Latitude":"-13.759","Longitude":"-172.105","Name":"Samoa"}],"SM":[{"id":"193","CountryCode":"SM","Latitude":"43.9424","Longitude":"12.4578","Name":"San Marino"}],"ST":[{"id":"194","CountryCode":"ST","Latitude":"0.18636","Longitude":"6.61308","Name":"S\u00e3o Tom\u00e9 and Pr\u00edncipe"}],"SA":[{"id":"195","CountryCode":"SA","Latitude":"23.8859","Longitude":"45.0792","Name":"Saudi Arabia"}],"SN":[{"id":"196","CountryCode":"SN","Latitude":"14.4974","Longitude":"-14.4524","Name":"Senegal"}],"RS":[{"id":"197","CountryCode":"RS","Latitude":"44.0165","Longitude":"21.0059","Name":"Serbia"}],"SC":[{"id":"198","CountryCode":"SC","Latitude":"-4.67957","Longitude":"55.492","Name":"Seychelles"}],"SL":[{"id":"199","CountryCode":"SL","Latitude":"8.46056","Longitude":"-11.7799","Name":"Sierra Leone"}],"SG":[{"id":"200","CountryCode":"SG","Latitude":"1.35208","Longitude":"103.82","Name":"Singapore"}],"SK":[{"id":"201","CountryCode":"SK","Latitude":"48.669","Longitude":"19.699","Name":"Slovakia"}],"SI":[{"id":"202","CountryCode":"SI","Latitude":"46.1512","Longitude":"14.9955","Name":"Slovenia"}],"SB":[{"id":"203","CountryCode":"SB","Latitude":"-9.64571","Longitude":"160.156","Name":"Solomon Islands"}],"SO":[{"id":"204","CountryCode":"SO","Latitude":"5.15215","Longitude":"46.1996","Name":"Somalia"}],"ZA":[{"id":"205","CountryCode":"ZA","Latitude":"-30.5595","Longitude":"22.9375","Name":"South Africa"}],"GS":[{"id":"206","CountryCode":"GS","Latitude":"-54.4296","Longitude":"-36.5879","Name":"South Georgia and the South Sandwich Islands"}],"ES":[{"id":"208","CountryCode":"ES","Latitude":"40.4637","Longitude":"-3.74922","Name":"Spain"}],"LK":[{"id":"209","CountryCode":"LK","Latitude":"7.87305","Longitude":"80.7718","Name":"Sri Lanka"}],"SD":[{"id":"210","CountryCode":"SD","Latitude":"12.8628","Longitude":"30.2176","Name":"Sudan"}],"SR":[{"id":"211","CountryCode":"SR","Latitude":"3.91931","Longitude":"-56.0278","Name":"Suriname"}],"SJ":[{"id":"212","CountryCode":"SJ","Latitude":"77.5536","Longitude":"23.6703","Name":"Svalbard and Jan Mayen"}],"SZ":[{"id":"213","CountryCode":"SZ","Latitude":"-26.5225","Longitude":"31.4659","Name":"Swaziland"}],"SE":[{"id":"214","CountryCode":"SE","Latitude":"60.1282","Longitude":"18.6435","Name":"Sweden"}],"CH":[{"id":"215","CountryCode":"CH","Latitude":"46.8182","Longitude":"8.22751","Name":"Switzerland"}],"SY":[{"id":"216","CountryCode":"SY","Latitude":"34.8021","Longitude":"38.9968","Name":"Syria"}],"TW":[{"id":"217","CountryCode":"TW","Latitude":"23.6978","Longitude":"120.961","Name":"Taiwan"}],"TJ":[{"id":"218","CountryCode":"TJ","Latitude":"38.861","Longitude":"71.2761","Name":"Tajikistan"}],"TZ":[{"id":"219","CountryCode":"TZ","Latitude":"-6.36903","Longitude":"34.8888","Name":"Tanzania"}],"TH":[{"id":"220","CountryCode":"TH","Latitude":"15.87","Longitude":"100.993","Name":"Thailand"}],"TL":[{"id":"221","CountryCode":"TL","Latitude":"-8.87422","Longitude":"125.728","Name":"Timor-Leste"}],"TG":[{"id":"222","CountryCode":"TG","Latitude":"8.61954","Longitude":"0.824782","Name":"Togo"}],"TK":[{"id":"223","CountryCode":"TK","Latitude":"-8.96736","Longitude":"-171.856","Name":"Tokelau"}],"TO":[{"id":"224","CountryCode":"TO","Latitude":"-21.179","Longitude":"-175.198","Name":"Tonga"}],"TT":[{"id":"225","CountryCode":"TT","Latitude":"10.6918","Longitude":"-61.2225","Name":"Trinidad and Tobago"}],"TN":[{"id":"226","CountryCode":"TN","Latitude":"33.8869","Longitude":"9.5375","Name":"Tunisia"}],"TR":[{"id":"227","CountryCode":"TR","Latitude":"38.9637","Longitude":"35.2433","Name":"Turkey"}],"TM":[{"id":"228","CountryCode":"TM","Latitude":"38.9697","Longitude":"59.5563","Name":"Turkmenistan"}],"TC":[{"id":"229","CountryCode":"TC","Latitude":"21.694","Longitude":"-71.7979","Name":"Turks and Caicos Islands"}],"TV":[{"id":"230","CountryCode":"TV","Latitude":"-7.10954","Longitude":"177.649","Name":"Tuvalu"}],"UG":[{"id":"232","CountryCode":"UG","Latitude":"1.37333","Longitude":"32.2903","Name":"Uganda"}],"UA":[{"id":"233","CountryCode":"UA","Latitude":"48.3794","Longitude":"31.1656","Name":"Ukraine"}],"AE":[{"id":"234","CountryCode":"AE","Latitude":"23.4241","Longitude":"53.8478","Name":"United Arab Emirates"}],"GB":[{"id":"235","CountryCode":"GB","Latitude":"55.3781","Longitude":"-3.43597","Name":"United Kingdom"}],"US":[{"id":"236","CountryCode":"US","Latitude":"37.0902","Longitude":"-95.7129","Name":"United States"}],"UY":[{"id":"237","CountryCode":"UY","Latitude":"-32.5228","Longitude":"-55.7658","Name":"Uruguay"}],"UZ":[{"id":"238","CountryCode":"UZ","Latitude":"41.3775","Longitude":"64.5853","Name":"Uzbekistan"}],"VU":[{"id":"239","CountryCode":"VU","Latitude":"-15.3767","Longitude":"166.959","Name":"Vanuatu"}],"VE":[{"id":"240","CountryCode":"VE","Latitude":"6.42375","Longitude":"-66.5897","Name":"Venezuela"}],"VN":[{"id":"241","CountryCode":"VN","Latitude":"14.0583","Longitude":"108.277","Name":"Vietnam"}],"VI":[{"id":"242","CountryCode":"VI","Latitude":"18.3358","Longitude":"-64.8963","Name":"U.S. Virgin Islands"}],"WF":[{"id":"243","CountryCode":"WF","Latitude":"-13.7688","Longitude":"-177.156","Name":"Wallis and Futuna"}],"EH":[{"id":"244","CountryCode":"EH","Latitude":"24.2155","Longitude":"-12.8858","Name":"Western Sahara"}],"YE":[{"id":"245","CountryCode":"YE","Latitude":"15.5527","Longitude":"48.5164","Name":"Yemen"}],"ZM":[{"id":"246","CountryCode":"ZM","Latitude":"-13.1339","Longitude":"27.8493","Name":"Zambia"}],"ZW":[{"id":"247","CountryCode":"ZW","Latitude":"-19.0154","Longitude":"29.1549","Name":"Zimbabwe"}],"AF":[{"id":"248","CountryCode":"AF","Latitude":"33.9391","Longitude":"67.71","Name":"Afghanistan"}]}